-- phpMyAdmin SQL Dump
-- version 4.9.2
-- https://www.phpmyadmin.net/
--
-- Host: 127.0.0.1
-- Generation Time: Apr 17, 2020 at 11:41 AM
-- Server version: 10.4.10-MariaDB
-- PHP Version: 7.3.12

SET SQL_MODE = "NO_AUTO_VALUE_ON_ZERO";
SET AUTOCOMMIT = 0;
START TRANSACTION;
SET time_zone = "+00:00";


/*!40101 SET @OLD_CHARACTER_SET_CLIENT=@@CHARACTER_SET_CLIENT */;
/*!40101 SET @OLD_CHARACTER_SET_RESULTS=@@CHARACTER_SET_RESULTS */;
/*!40101 SET @OLD_COLLATION_CONNECTION=@@COLLATION_CONNECTION */;
/*!40101 SET NAMES utf8mb4 */;

--
-- Database: `code_cishop`
--

-- --------------------------------------------------------

--
-- Table structure for table `cart`
--

CREATE TABLE `cart` (
  `id` int(11) NOT NULL,
  `id_user` int(11) NOT NULL,
  `id_product` int(11) NOT NULL,
  `qty` varchar(255) NOT NULL,
  `subtotal` varchar(255) NOT NULL
) ENGINE=InnoDB DEFAULT CHARSET=utf8mb4;

-- --------------------------------------------------------

--
-- Table structure for table `category`
--

CREATE TABLE `category` (
  `id` int(11) NOT NULL,
  `slug` varchar(255) NOT NULL,
  `title` varchar(255) NOT NULL
) ENGINE=InnoDB DEFAULT CHARSET=utf8mb4;

--
-- Dumping data for table `category`
--

INSERT INTO `category` (`id`, `slug`, `title`) VALUES
(1, 'smartphone-s', 'Smartphone s'),
(2, 'notebook-laptops', 'Notebook & Laptops');

-- --------------------------------------------------------

--
-- Table structure for table `orders`
--

CREATE TABLE `orders` (
  `id` int(11) NOT NULL,
  `id_user` int(11) NOT NULL,
  `date` date NOT NULL,
  `invoice` varchar(100) NOT NULL,
  `total` int(11) NOT NULL,
  `name` varchar(255) NOT NULL,
  `address` varchar(255) NOT NULL,
  `phone` varchar(15) NOT NULL,
  `status` enum('waiting','paid','delivered','cancel') NOT NULL
) ENGINE=InnoDB DEFAULT CHARSET=utf8mb4;

--
-- Dumping data for table `orders`
--

INSERT INTO `orders` (`id`, `id_user`, `date`, `invoice`, `total`, `name`, `address`, `phone`, `status`) VALUES
(2, 2, '2020-04-17', '220200417124145', 27650000, 'Wahyu', 'Muara Wahau', '0282998', 'delivered'),
(3, 3, '2020-04-17', '320200417160645', 19650000, 'Lin', 'Jl. Beifong RT 001 No 12b', '08129299222', 'waiting');

-- --------------------------------------------------------

--
-- Table structure for table `orders_confirm`
--

CREATE TABLE `orders_confirm` (
  `id` int(11) NOT NULL,
  `id_orders` int(11) NOT NULL,
  `account_name` varchar(255) NOT NULL,
  `account_number` varchar(255) NOT NULL,
  `nominal` int(11) NOT NULL,
  `note` varchar(255) NOT NULL,
  `image` varchar(255) NOT NULL
) ENGINE=InnoDB DEFAULT CHARSET=utf8mb4;

--
-- Dumping data for table `orders_confirm`
--

INSERT INTO `orders_confirm` (`id`, `id_orders`, `account_name`, `account_number`, `nominal`, `note`, `image`) VALUES
(2, 2, 'Walang', '0303020', 26580000, 'Tangina', '220200417124145-20200417153951.png');

-- --------------------------------------------------------

--
-- Table structure for table `orders_detail`
--

CREATE TABLE `orders_detail` (
  `id` int(11) NOT NULL,
  `id_orders` int(11) NOT NULL,
  `id_product` int(11) NOT NULL,
  `qty` int(11) NOT NULL,
  `subtotal` int(11) NOT NULL
) ENGINE=InnoDB DEFAULT CHARSET=utf8mb4;

--
-- Dumping data for table `orders_detail`
--

INSERT INTO `orders_detail` (`id`, `id_orders`, `id_product`, `qty`, `subtotal`) VALUES
(2, 2, 1, 1, 7650000),
(3, 2, 2, 2, 20000000),
(4, 3, 3, 1, 4350000),
(5, 3, 1, 2, 15300000);

-- --------------------------------------------------------

--
-- Table structure for table `product`
--

CREATE TABLE `product` (
  `id` int(11) NOT NULL,
  `id_category` int(11) NOT NULL,
  `slug` varchar(255) NOT NULL,
  `title` varchar(255) NOT NULL,
  `description` varchar(255) NOT NULL,
  `price` varchar(255) NOT NULL,
  `image` varchar(255) NOT NULL,
  `is_available` tinyint(1) NOT NULL DEFAULT 1
) ENGINE=InnoDB DEFAULT CHARSET=utf8mb4;

--
-- Dumping data for table `product`
--

INSERT INTO `product` (`id`, `id_category`, `slug`, `title`, `description`, `price`, `image`, `is_available`) VALUES
(1, 2, 'laptop-asus-a456u-rog', 'Laptop Asus A456U ROG', 'bcwubew', '7650000', 'laptop-asus-a456u-rog-20200410204946.png', 1),
(2, 1, 'asus-rog-phone-ii', 'Asus ROG PHONE II', 'vervevre', '10000000', 'asus-rog-phone-ii-20200410205030.png', 1),
(3, 2, 'lin-beifong', 'LIn Beifong', 'everver', '4350000', 'lin-beifong-20200410205112.png', 1);

-- --------------------------------------------------------

--
-- Table structure for table `user`
--

CREATE TABLE `user` (
  `id` int(11) NOT NULL,
  `name` varchar(255) NOT NULL,
  `email` varchar(255) NOT NULL,
  `password` varchar(255) NOT NULL,
  `role` enum('admin','member') NOT NULL,
  `is_active` tinyint(1) NOT NULL DEFAULT 1,
  `image` varchar(255) DEFAULT NULL
) ENGINE=InnoDB DEFAULT CHARSET=utf8mb4;

--
-- Dumping data for table `user`
--

INSERT INTO `user` (`id`, `name`, `email`, `password`, `role`, `is_active`, `image`) VALUES
(1, 'wahyu', 'wahyu@mail.com', '$2y$10$fsqdDRFXmK8Qh7OiCJuMnu.a.QIeN7rGgXWTPJGibpzP5QlkuSPbK', 'admin', 1, NULL),
(2, 'customer', 'customer@mail.com', '$2y$10$h7pQHzQA1kAPwlh091bijebpIMHpwIB1N2yRx1VybZN8k.eZ33rDq', 'member', 1, NULL),
(3, 'hakim', 'hakim@mail.com', '$2y$10$5YWvWpzBapPi1PbP4OtJeeq7HVH2ePtaotHNAqHioSNMIAjCSjEh.', 'member', 1, NULL);

--
-- Indexes for dumped tables
--

--
-- Indexes for table `cart`
--
ALTER TABLE `cart`
  ADD PRIMARY KEY (`id`);

--
-- Indexes for table `category`
--
ALTER TABLE `category`
  ADD PRIMARY KEY (`id`);

--
-- Indexes for table `orders`
--
ALTER TABLE `orders`
  ADD PRIMARY KEY (`id`);

--
-- Indexes for table `orders_confirm`
--
ALTER TABLE `orders_confirm`
  ADD PRIMARY KEY (`id`);

--
-- Indexes for table `orders_detail`
--
ALTER TABLE `orders_detail`
  ADD PRIMARY KEY (`id`);

--
-- Indexes for table `product`
--
ALTER TABLE `product`
  ADD PRIMARY KEY (`id`);

--
-- Indexes for table `user`
--
ALTER TABLE `user`
  ADD PRIMARY KEY (`id`);

--
-- AUTO_INCREMENT for dumped tables
--

--
-- AUTO_INCREMENT for table `cart`
--
ALTER TABLE `cart`
  MODIFY `id` int(11) NOT NULL AUTO_INCREMENT, AUTO_INCREMENT=7;

--
-- AUTO_INCREMENT for table `category`
--
ALTER TABLE `category`
  MODIFY `id` int(11) NOT NULL AUTO_INCREMENT, AUTO_INCREMENT=3;

--
-- AUTO_INCREMENT for table `orders`
--
ALTER TABLE `orders`
  MODIFY `id` int(11) NOT NULL AUTO_INCREMENT, AUTO_INCREMENT=4;

--
-- AUTO_INCREMENT for table `orders_confirm`
--
ALTER TABLE `orders_confirm`
  MODIFY `id` int(11) NOT NULL AUTO_INCREMENT, AUTO_INCREMENT=3;

--
-- AUTO_INCREMENT for table `orders_detail`
--
ALTER TABLE `orders_detail`
  MODIFY `id` int(11) NOT NULL AUTO_INCREMENT, AUTO_INCREMENT=6;

--
-- AUTO_INCREMENT for table `product`
--
ALTER TABLE `product`
  MODIFY `id` int(11) NOT NULL AUTO_INCREMENT, AUTO_INCREMENT=4;

--
-- AUTO_INCREMENT for table `user`
--
ALTER TABLE `user`
  MODIFY `id` int(11) NOT NULL AUTO_INCREMENT, AUTO_INCREMENT=4;
COMMIT;

/*!40101 SET CHARACTER_SET_CLIENT=@OLD_CHARACTER_SET_CLIENT */;
/*!40101 SET CHARACTER_SET_RESULTS=@OLD_CHARACTER_SET_RESULTS */;
/*!40101 SET COLLATION_CONNECTION=@OLD_COLLATION_CONNECTION */;
